{
	"class_name" : "PinholeCameraParameters",
	"extrinsic" : 
	[
		-0.6886122746953478,
		0.32626195412715475,
		-0.6475849538307924,
		0.0,
		0.66259706132223095,
		-0.079690306266135283,
		-0.74472450571627724,
		0.0,
		-0.29458151582548892,
		-0.94191432326742974,
		-0.16130448895680893,
		0.0,
		-9.3258436223738812,
		5.6268029042496526,
		125.46706491954585,
		1.0
	],
	"intrinsic" : 
	{
		"height" : 1080,
		"intrinsic_matrix" : 
		[
			935.30743608719376,
			0.0,
			0.0,
			0.0,
			935.30743608719376,
			0.0,
			959.5,
			539.5,
			1.0
		],
		"width" : 1920
	},
	"version_major" : 1,
	"version_minor" : 0
}